<?xml version="1.0" encoding="iso-8859-1"?>
<rss version="2.0"><channel><title>Couchdbkit</title><link>http://www.couchdbkit.org</link><description>CouchdDB python framework</description><lastBuildDate>Fri, 04 May 2012 08:53:41 GMT</lastBuildDate><generator>PyRSS2Gen-1.0.0</generator><docs>http://blogs.law.harvard.edu/tech/rss</docs><item><title>Couchdbkit version 0.6.2 released</title><link>http://www.couchdbkit.org/blog/2012-05-04-Couchdbkit-0.6.2.html</link><description>	&lt;p&gt;New release for &lt;a href="http://couchdbkit.org"&gt;Couchdbkit&lt;/a&gt;.&lt;/p&gt;

	&lt;p&gt;Compare changes from 0.6.1 to 0.6.2 on&lt;br /&gt;&lt;a href="https://github.com/benoitc/couchdbkit/compare/0.6.1...0.6.2"&gt;github&lt;/a&gt; .&lt;/p&gt;</description><guid isPermaLink="true">http://www.couchdbkit.org/blog/2012-05-04-Couchdbkit-0.6.2.html</guid><pubDate>Fri, 04 May 2012 10:53:31 GMT</pubDate></item><item><title>Couchdbkit website launched</title><link>http://www.couchdbkit.org/blog/2009-06-16-Couchdbkit-site-launched.html</link><description>	&lt;p&gt;Just launched &lt;b&gt;Couchdbkit&lt;/b&gt; site at &lt;a href="http://www.couchdbkit.org"&gt;couchdbkit.org&lt;/a&gt;. &lt;/p&gt;

	&lt;p&gt;All this website is static. For this purpose I wrote a script to generate doc and news from differents text files. The &lt;a href="http://lamsonproject.org/"&gt;Lamson project&lt;/a&gt; used this idee for its own site, and I found it very usefull. I preferred to write mine script to allow use of jinja and some other changes (it will be possible for example to generate a cloud).&lt;/p&gt;</description><guid isPermaLink="true">http://www.couchdbkit.org/blog/2009-06-16-Couchdbkit-site-launched.html</guid><pubDate>Sun, 01 Apr 2012 20:25:16 GMT</pubDate></item><item><title>Couchdbkit version 0.1.7 released</title><link>http://www.couchdbkit.org/blog/2009-06-25-Couchdbkit-0.1.7-released.html</link><description>	&lt;p&gt;Just released Couchdbkit 0.1.7. &lt;/p&gt;

	&lt;p&gt;Next version will be 0.2 and will have some new features :&lt;/p&gt;</description><guid isPermaLink="true">http://www.couchdbkit.org/blog/2009-06-25-Couchdbkit-0.1.7-released.html</guid><pubDate>Sun, 01 Apr 2012 20:25:16 GMT</pubDate></item><item><title>Couchdbkit version 0.1.7.1 released</title><link>http://www.couchdbkit.org/blog/2009-06-26-Couchdbkit-0.1.7.1.html</link><description>	&lt;p&gt;Quick fix release for &lt;a href="http://couchdbkit.org"&gt;Couchdbkit&lt;/a&gt;.&lt;/p&gt;

	&lt;p&gt;You can download latest release on &lt;a href="http://pypi.python.org/pypi/couchdbkit/0.1.7.1"&gt;Pypi&lt;/a&gt; or check &lt;a href="../download.html"&gt;download page&lt;/a&gt; for other ways.&lt;/p&gt;</description><guid isPermaLink="true">http://www.couchdbkit.org/blog/2009-06-26-Couchdbkit-0.1.7.1.html</guid><pubDate>Sun, 01 Apr 2012 20:25:16 GMT</pubDate></item><item><title>Couchdbkit version 0.1.8 released</title><link>http://www.couchdbkit.org/blog/2009-07-07-Couchdbkit-0.1.8.html</link><description>	&lt;p&gt;New release for &lt;a href="http://couchdbkit.org"&gt;Couchdbkit&lt;/a&gt;.&lt;/p&gt;

	&lt;p&gt;You can download latest release on &lt;a href="http://pypi.python.org/pypi/couchdbkit/0.1.8"&gt;Pypi&lt;/a&gt; or check &lt;a href="../download.html"&gt;download page&lt;/a&gt; for other ways.&lt;/p&gt;</description><guid isPermaLink="true">http://www.couchdbkit.org/blog/2009-07-07-Couchdbkit-0.1.8.html</guid><pubDate>Sun, 01 Apr 2012 20:25:16 GMT</pubDate></item><item><title>Couchdbkit version 0.1.9 released</title><link>http://www.couchdbkit.org/blog/2009-09-07-Couchdbkit-0.1.9.html</link><description>	&lt;p&gt;New release for &lt;a href="http://couchdbkit.org"&gt;Couchdbkit&lt;/a&gt;.&lt;/p&gt;

	&lt;p&gt;You can download latest release on &lt;a href="http://pypi.python.org/pypi/couchdbkit/0.1.9"&gt;Pypi&lt;/a&gt; or check &lt;a href="../download.html"&gt;download page&lt;/a&gt; for other ways.&lt;/p&gt;</description><guid isPermaLink="true">http://www.couchdbkit.org/blog/2009-09-07-Couchdbkit-0.1.9.html</guid><pubDate>Sun, 01 Apr 2012 20:25:16 GMT</pubDate></item><item><title>Couchdbkit version 0.2 released</title><link>http://www.couchdbkit.org/blog/2009-09-11-Couchdbkit-0.2.html</link><description>	&lt;p&gt;New release for &lt;a href="http://couchdbkit.org"&gt;Couchdbkit&lt;/a&gt;.&lt;/p&gt;

	&lt;p&gt;You can download latest release on &lt;a href="http://pypi.python.org/pypi/couchdbkit/0.2"&gt;Pypi&lt;/a&gt; or check &lt;a href="../download.html"&gt;download page&lt;/a&gt; for other ways.&lt;/p&gt;</description><guid isPermaLink="true">http://www.couchdbkit.org/blog/2009-09-11-Couchdbkit-0.2.html</guid><pubDate>Sun, 01 Apr 2012 20:25:16 GMT</pubDate></item><item><title>Couchdbkit version 0.2.2 released</title><link>http://www.couchdbkit.org/blog/2009-11-05-Couchdbkit-0.2.2.html</link><description>	&lt;p&gt;New release for &lt;a href="http://couchdbkit.org"&gt;Couchdbkit&lt;/a&gt;. This release fix a lot of oddities from previous version.&lt;/p&gt;

	&lt;p&gt;You can download latest release on &lt;a href="http://pypi.python.org/pypi/couchdbkit/0.2.2"&gt;Pypi&lt;/a&gt; or check &lt;a href="../download.html"&gt;download page&lt;/a&gt; for other ways.&lt;/p&gt;</description><guid isPermaLink="true">http://www.couchdbkit.org/blog/2009-11-05-Couchdbkit-0.2.2.html</guid><pubDate>Sun, 01 Apr 2012 20:25:16 GMT</pubDate></item><item><title>Couchdbkit version 0.2.4 released</title><link>http://www.couchdbkit.org/blog/2009-11-22-Couchdbkit-0.2.4.html</link><description>	&lt;p&gt;New release for &lt;a href="http://couchdbkit.org"&gt;Couchdbkit&lt;/a&gt;. This release fix a lot of oddities from previous version.&lt;/p&gt;

	&lt;p&gt;You can download latest release on &lt;a href="http://pypi.python.org/pypi/couchdbkit/0.2.4"&gt;Pypi&lt;/a&gt; or check &lt;a href="../download.html"&gt;download page&lt;/a&gt; for other ways.&lt;/p&gt;</description><guid isPermaLink="true">http://www.couchdbkit.org/blog/2009-11-22-Couchdbkit-0.2.4.html</guid><pubDate>Sun, 01 Apr 2012 20:25:16 GMT</pubDate></item><item><title>Couchdbkit version 0.3 released - pre-awesome</title><link>http://www.couchdbkit.org/blog/2009-12-07-Couchdbkit-0.3.html</link><description>	&lt;p&gt;New release for &lt;a href="http://couchdbkit.org"&gt;Couchdbkit&lt;/a&gt;. This release fix a lot of oddities from previous version and prepare for next version.&lt;/p&gt;

	&lt;p&gt;You can download latest release on &lt;a href="http://pypi.python.org/pypi/couchdbkit/0.3"&gt;Pypi&lt;/a&gt; or check &lt;a href="../download.html"&gt;download page&lt;/a&gt; for other ways.&lt;/p&gt;</description><guid isPermaLink="true">http://www.couchdbkit.org/blog/2009-12-07-Couchdbkit-0.3.html</guid><pubDate>Sun, 01 Apr 2012 20:25:16 GMT</pubDate></item><item><title>Couchdbkit version 0.4 released</title><link>http://www.couchdbkit.org/blog/2010-01-08-Couchdbkit-0.4.html</link><description>	&lt;p&gt;New release for &lt;a href="http://couchdbkit.org"&gt;Couchdbkit&lt;/a&gt;. More fixes and new `External` and &lt;strong&gt;_changes&lt;/strong&gt; `Consumer`. The 0.4 branch is the last branch with suport for 0.9x / 0.10x versions of CouchDB. Next releases will support only 0.11/trunk and 1.0 versions and will support python3. The &lt;a href="http://bitbucket.org/benoitc/couchdbkit/src/tip/TODO.txt"&gt;TODO&lt;/a&gt; has been updated.&lt;/p&gt;

	&lt;p&gt;You can download latest release on &lt;a href="http://pypi.python.org/pypi/couchdbkit/0.4"&gt;Pypi&lt;/a&gt; or check &lt;a href="../download.html"&gt;download page&lt;/a&gt; for other ways.&lt;/p&gt;</description><guid isPermaLink="true">http://www.couchdbkit.org/blog/2010-01-08-Couchdbkit-0.4.html</guid><pubDate>Sun, 01 Apr 2012 20:25:16 GMT</pubDate></item><item><title>Couchdbkit version 0.4 1 released</title><link>http://www.couchdbkit.org/blog/2010-01-25-Couchdbkit-0.4.1.html</link><description>	&lt;p&gt;New release for &lt;a href="http://couchdbkit.org"&gt;Couchdbkit&lt;/a&gt;. More fixes&lt;/p&gt;

	&lt;p&gt;You can download latest release on &lt;a href="http://pypi.python.org/pypi/couchdbkit/0.4"&gt;Pypi&lt;/a&gt; or check &lt;a href="../download.html"&gt;download page&lt;/a&gt; for other ways.&lt;/p&gt;</description><guid isPermaLink="true">http://www.couchdbkit.org/blog/2010-01-25-Couchdbkit-0.4.1.html</guid><pubDate>Sun, 01 Apr 2012 20:25:16 GMT</pubDate></item><item><title>Couchdbkit version 0.4.2 released</title><link>http://www.couchdbkit.org/blog/2010-02-04-CouchdbKit-0.4.2.html</link><description>	&lt;p&gt;New release for &lt;a href="http://couchdbkit.org"&gt;Couchdbkit&lt;/a&gt;. More fixes&lt;/p&gt;

	&lt;p&gt;You can download latest release on &lt;a href="http://pypi.python.org/pypi/couchdbkit/0.4"&gt;Pypi&lt;/a&gt; or check &lt;a href="../download.html"&gt;download page&lt;/a&gt; for other ways.&lt;/p&gt;</description><guid isPermaLink="true">http://www.couchdbkit.org/blog/2010-02-04-CouchdbKit-0.4.2.html</guid><pubDate>Sun, 01 Apr 2012 20:25:16 GMT</pubDate></item><item><title>Sources and Tracker have been moved to github</title><link>http://www.couchdbkit.org/blog/2010-02-24-move-to-github.html</link><description>	&lt;p&gt;Since I worked more and more with git and &lt;a href="http://github.com/benoitc"&gt;github&lt;/a&gt;, I decided to move Couchdbkit and Restkit to it:&lt;/p&gt;

	&lt;ul&gt;
		&lt;li&gt;&lt;a href="http://github.com/benoitc/couchdbkit"&gt;couchdbkit&lt;/a&gt;&lt;/li&gt;
		&lt;li&gt;&lt;a href="http://github.com/benoitc/restkit"&gt;restkit&lt;/a&gt;&lt;/li&gt;
	&lt;/ul&gt;</description><guid isPermaLink="true">http://www.couchdbkit.org/blog/2010-02-24-move-to-github.html</guid><pubDate>Sun, 01 Apr 2012 20:25:16 GMT</pubDate></item><item><title>Couchdbkit version 0.4.2 released</title><link>http://www.couchdbkit.org/blog/2010-02-28-restkit-update.html</link><description>	&lt;p&gt;New release for &lt;a href="http://couchdbkit.org"&gt;Couchdbkit&lt;/a&gt;. CouchDBKit have been updated to support &lt;a href="http://benoitc.github.com/restkit"&gt;restkit&lt;/a&gt; 1.0.&lt;/p&gt;

	&lt;p&gt;You can download latest release on &lt;a href="http://pypi.python.org/pypi/couchdbkit/0.4.3"&gt;Pypi&lt;/a&gt; or check &lt;a href="../download.html"&gt;download page&lt;/a&gt; for other ways.&lt;/p&gt;</description><guid isPermaLink="true">http://www.couchdbkit.org/blog/2010-02-28-restkit-update.html</guid><pubDate>Sun, 01 Apr 2012 20:25:16 GMT</pubDate></item><item><title>Couchdbkit version 0.4.7 released</title><link>http://www.couchdbkit.org/blog/2010-06-28-CouchdbKit-0.4.7.html</link><description>	&lt;p&gt;New release for &lt;a href="http://couchdbkit.org"&gt;Couchdbkit&lt;/a&gt;. More fixes&lt;/p&gt;

	&lt;p&gt;You can download latest release on &lt;a href="http://pypi.python.org/pypi/couchdbkit/0.4.7"&gt;Pypi&lt;/a&gt; or check &lt;a href="../download.html"&gt;download page&lt;/a&gt; for other ways.&lt;/p&gt;</description><guid isPermaLink="true">http://www.couchdbkit.org/blog/2010-06-28-CouchdbKit-0.4.7.html</guid><pubDate>Sun, 01 Apr 2012 20:25:16 GMT</pubDate></item></channel></rss>